n	mode	seed	steps	hash
# turns=60 lp=3000
# data-pins-sha256=f13b837272553617354fd4b748860ba442de8ab2588d4b6a78d164d5b1b9b6f6
# multi-scripts-sha256=2c1dac89f81e484c54c9d48d404c2669f9eca5a7b3c6027b769b465954522062
# patches-sha256=8cb89ea4f470817ac9ce7cb81ffd59637f53b4c96a75dbc92a010d294e4b3dcc
2	ffa	1	856	99cd79bf5f857cc0
2	ffa	2	217	4481313d9fd5113a
2	ffa	3	116	e13702c81a500358
2	ffa	4	334	c72b9d36401d5570
2	ffa	5	266	853a8fdd7b9dee75
2	ffa	6	351	2c13cd49d4b546f8
2	ffa	7	192	20d2425dd4ac661d
2	ffa	8	486	71e9df17b3932f20
2	ffa	9	288	dbc38d15b0c99412
2	ffa	10	111	f5bcdbd007500c72
2	ffa	11	590	3ff5164249e5ae54
2	ffa	12	178	c3d18b798a6adde6
2	ffa	13	452	f3bafe2454f3826f
2	ffa	14	596	b036ff6ec41102df
2	ffa	15	381	6820abd47e4cab92
2	ffa	16	144	d6a993ff5a912432
2	ffa	17	406	3fd43124f961a88e
2	ffa	18	491	0351c460998e623c
2	ffa	19	240	ea83134212d4beec
2	ffa	20	510	703a6e41475ba018
3	ffa	1	1232	f6414a49c9668262
3	ffa	2	347	006fddcd646e47e6
3	ffa	3	534	6465e3740d57354c
3	ffa	4	411	4f18f3ae9a582d88
3	ffa	5	531	d6e2a35fa21f9a42
3	ffa	6	784	f72bd931a2f76ec6
3	ffa	7	869	a7eca9c7d476a842
3	ffa	8	639	93e852c4c20d8d12
3	ffa	9	311	4fe1b639efdb39c3
3	ffa	10	512	012cb66b09d49314
3	ffa	11	1490	8c8331a7d03cfe08
3	ffa	12	356	023734bbabb675f8
3	ffa	13	1216	ec0e6dcd35fe4503
3	ffa	14	1016	21a74367dc3fe202
3	ffa	15	602	72b075a7cdf3580e
3	ffa	16	1464	97beb134167ad526
3	ffa	17	724	7cb894083587fa9d
3	ffa	18	1064	5fb7e6dc54cfa587
3	ffa	19	1169	55bf885bf50b30af
3	ffa	20	426	61c80c7626932d70
4	ffa	1	1431	433426a02315fe1d
4	ffa	2	872	4782620b434b63e2
4	ffa	3	1054	b0ac02484f7073fe
4	ffa	4	1280	a7df92738e5cc5ae
4	ffa	5	1329	6c54c9c530dde3d5
4	ffa	6	1582	d691e6c65aadb7cc
4	ffa	7	1178	ce350bc8225182d7
4	ffa	8	1445	1cddd918de2f529a
4	ffa	9	1010	758dd73d380fe941
4	ffa	10	512	7a67180daf427eb7
4	ffa	11	1304	b294cb4834099116
4	ffa	12	1152	214c13c9ec04aa86
4	ffa	13	1915	a27b3013653c46d9
4	ffa	14	1768	4769694b7c462589
4	ffa	15	1329	9e3339ae46bf417b
4	ffa	16	906	151850ae0eefa604
4	ffa	17	1683	d66d76858aecc678
4	ffa	18	1066	8bd717509317d8c9
4	ffa	19	1344	ae1a5ebe698076f0
4	ffa	20	1304	25eaf99690c49d45
4	tag	1	721	fd83657a16ca5653
4	tag	2	930	cd59190902edf6c4
4	tag	3	2080	053b9fa29450e5a3
4	tag	4	692	662058a69b6e4b82
4	tag	5	510	b862a32fbbe64d17
4	tag	6	1388	72ae6a925c84e6e8
4	tag	7	557	edc07f5cc280614a
4	tag	8	1823	67a8fe5e18477293
4	tag	9	560	05ff9af28c4ef61f
4	tag	10	1180	fdd8c2569a965c27
4	tag	11	865	2431b1c011018f42
4	tag	12	1034	c7f5be8318954b30
4	tag	13	2176	e03edc24dd480e82
4	tag	14	1610	ebc1ae9b1495ad18
4	tag	15	386	c8a090af7fe1d19b
4	tag	16	626	70783e989f01eb4e
4	tag	17	1800	c8aeecf04a9a97ec
4	tag	18	1044	e68cd2e02ff9c3a5
4	tag	19	483	e4f1ac4c88207ff7
4	tag	20	1024	38a55450c2a5f1ab
